{
  "hash": "73c1ba07",
  "configHash": "b340f0e8",
  "lockfileHash": "84813dee",
  "browserHash": "b7243efe",
  "optimized": {
    "@angular/common": {
      "src": "../../../../../../node_modules/@angular/common/fesm2022/common.mjs",
      "file": "@angular_common.js",
      "fileHash": "599b57c9",
      "needsInterop": false
    },
    "@angular/common/http": {
      "src": "../../../../../../node_modules/@angular/common/fesm2022/http.mjs",
      "file": "@angular_common_http.js",
      "fileHash": "15f34cf1",
      "needsInterop": false
    },
    "@angular/common/locales/es": {
      "src": "../../../../../../node_modules/@angular/common/locales/es.mjs",
      "file": "@angular_common_locales_es.js",
      "fileHash": "cf1f5ce4",
      "needsInterop": false
    },
    "@angular/core": {
      "src": "../../../../../../node_modules/@angular/core/fesm2022/core.mjs",
      "file": "@angular_core.js",
      "fileHash": "779d8be6",
      "needsInterop": false
    },
    "@angular/forms": {
      "src": "../../../../../../node_modules/@angular/forms/fesm2022/forms.mjs",
      "file": "@angular_forms.js",
      "fileHash": "388c21a5",
      "needsInterop": false
    },
    "@angular/google-maps": {
      "src": "../../../../../../node_modules/@angular/google-maps/fesm2022/google-maps.mjs",
      "file": "@angular_google-maps.js",
      "fileHash": "af4cb047",
      "needsInterop": false
    },
    "@angular/material/dialog": {
      "src": "../../../../../../node_modules/@angular/material/fesm2022/dialog.mjs",
      "file": "@angular_material_dialog.js",
      "fileHash": "c6a03f71",
      "needsInterop": false
    },
    "@angular/platform-browser": {
      "src": "../../../../../../node_modules/@angular/platform-browser/fesm2022/platform-browser.mjs",
      "file": "@angular_platform-browser.js",
      "fileHash": "0e959cbc",
      "needsInterop": false
    },
    "@angular/router": {
      "src": "../../../../../../node_modules/@angular/router/fesm2022/router.mjs",
      "file": "@angular_router.js",
      "fileHash": "7071e7b2",
      "needsInterop": false
    },
    "angular-oauth2-oidc": {
      "src": "../../../../../../node_modules/angular-oauth2-oidc/fesm2022/angular-oauth2-oidc.mjs",
      "file": "angular-oauth2-oidc.js",
      "fileHash": "4fc16926",
      "needsInterop": false
    },
    "rxjs": {
      "src": "../../../../../../node_modules/rxjs/dist/esm5/index.js",
      "file": "rxjs.js",
      "fileHash": "a7e7a924",
      "needsInterop": false
    },
    "rxjs/operators": {
      "src": "../../../../../../node_modules/rxjs/dist/esm5/operators/index.js",
      "file": "rxjs_operators.js",
      "fileHash": "ff14fd39",
      "needsInterop": false
    }
  },
  "chunks": {
    "chunk-TZYIWKO4": {
      "file": "chunk-TZYIWKO4.js"
    },
    "chunk-XODCXPAZ": {
      "file": "chunk-XODCXPAZ.js"
    },
    "chunk-6SMXVPEZ": {
      "file": "chunk-6SMXVPEZ.js"
    },
    "chunk-FUF4CDAW": {
      "file": "chunk-FUF4CDAW.js"
    },
    "chunk-WPM5VTLQ": {
      "file": "chunk-WPM5VTLQ.js"
    },
    "chunk-PEBH6BBU": {
      "file": "chunk-PEBH6BBU.js"
    },
    "chunk-4S3KYZTJ": {
      "file": "chunk-4S3KYZTJ.js"
    },
    "chunk-WDMUDEB6": {
      "file": "chunk-WDMUDEB6.js"
    }
  }
}